UNIX time;Local time;genericSensor1;genericSensor2 min;genericSensor2 avg;genericSensor2 max;genericSensor3 min;genericSensor3 avg;genericSensor3 max;genericSensor4 min;genericSensor4 avg;genericSensor4 max;genericSensor5 min;genericSensor5 avg;genericSensor5 max;genericSensor6 min;genericSensor6 avg;genericSensor6 max;genericSensor7 min;genericSensor7 avg;genericSensor7 max;genericSensor8 min;genericSensor8 avg;genericSensor8 max;genericSensor9 min;genericSensor9 avg;genericSensor9 max;genericSensor10 min;genericSensor10 avg;genericSensor10 max
1725478270;2024-09-04T22:31:10.000;7.255
1725478271;2024-09-04T22:31:11.000;7.126
1725478272;2024-09-04T22:31:12.000;7.105
1725478273;2024-09-04T22:31:13.000;7.126
1725478274;2024-09-04T22:31:14.000;7.126
1725478275;2024-09-04T22:31:15.000;7.062
1725478276;2024-09-04T22:31:16.000;7.126
1725478277;2024-09-04T22:31:17.000;7.105
1725478278;2024-09-04T22:31:18.000;7.083
1725478279;2024-09-04T22:31:19.000;7.083
1725478280;2024-09-04T22:31:20.000;7.083
1725478281;2024-09-04T22:31:21.000;7.083
1725478282;2024-09-04T22:31:22.000;7.126
1725478283;2024-09-04T22:31:23.000;7.105
1725478284;2024-09-04T22:31:24.000;6.934
1725478285;2024-09-04T22:31:25.000;7.019
1725478286;2024-09-04T22:31:26.000;7.019
1725478287;2024-09-04T22:31:27.000;6.42
1725478288;2024-09-04T22:31:28.000;6.698
1725478289;2024-09-04T22:31:29.000;6.784
1725478290;2024-09-04T22:31:30.000;6.848
1725478291;2024-09-04T22:31:31.000;6.934
1725478292;2024-09-04T22:31:32.000;6.078
1725478293;2024-09-04T22:31:33.000;6.035
1725478294;2024-09-04T22:31:34.000;5.928
1725478295;2024-09-04T22:31:35.000;5.949
1725478296;2024-09-04T22:31:36.000;6.206
1725478297;2024-09-04T22:31:37.000;5.949
1725478298;2024-09-04T22:31:38.000;5.906
1725478299;2024-09-04T22:31:39.000;5.906
1725478300;2024-09-04T22:31:40.000;5.821
1725478301;2024-09-04T22:31:41.000;5.714
1725478302;2024-09-04T22:31:42.000;5.821
1725478303;2024-09-04T22:31:43.000;5.842
1725478304;2024-09-04T22:31:44.000;5.842
1725478305;2024-09-04T22:31:45.000;6.463
1725478306;2024-09-04T22:31:46.000;6.292
1725478307;2024-09-04T22:31:47.000;6.27
1725478308;2024-09-04T22:31:48.000;5.949
1725478309;2024-09-04T22:31:49.000;6.163
1725478310;2024-09-04T22:31:50.000;6.099
1725478311;2024-09-04T22:31:51.000;5.906
1725478312;2024-09-04T22:31:52.000;6.57
1725478313;2024-09-04T22:31:53.000;6.013
1725478314;2024-09-04T22:31:54.000;5.864
1725478315;2024-09-04T22:31:55.000;7.297
1725478316;2024-09-04T22:31:56.000;7.148
1725478317;2024-09-04T22:31:57.000;7.041
1725478318;2024-09-04T22:31:58.000;6.998
1725478319;2024-09-04T22:31:59.000;7.019
1725478320;2024-09-04T22:32:00.000;5.949
1725478321;2024-09-04T22:32:01.000;6.013
1725478322;2024-09-04T22:32:02.000;6.57
1725478323;2024-09-04T22:32:03.000;6.57
1725478324;2024-09-04T22:32:04.000;6.506
1725478325;2024-09-04T22:32:05.000;7.469
1725478326;2024-09-04T22:32:06.000;6.527
1725478327;2024-09-04T22:32:07.000;6.848
1725478328;2024-09-04T22:32:08.000;6.998
1725478329;2024-09-04T22:32:09.000;25.915
1725478330;2024-09-04T22:32:10.000;19.025
1725478331;2024-09-04T22:32:11.000;12.968
1725478332;2024-09-04T22:32:12.000;19.324
1725478333;2024-09-04T22:32:13.000;25.316
1725478334;2024-09-04T22:32:14.000;18.682
1725478335;2024-09-04T22:32:15.000;18.297
1725478336;2024-09-04T22:32:16.000;21.55
1725478337;2024-09-04T22:32:17.000;24.225
1725478338;2024-09-04T22:32:18.000;24.268
1725478339;2024-09-04T22:32:19.000;24.31
1725478340;2024-09-04T22:32:20.000;24.289
1725478341;2024-09-04T22:32:21.000;23.754
1725478342;2024-09-04T22:32:22.000;21.807
1725478343;2024-09-04T22:32:23.000;21.293
1725478344;2024-09-04T22:32:24.000;21.785
1725478345;2024-09-04T22:32:25.000;22.534
1725478346;2024-09-04T22:32:26.000;22.984
1725478347;2024-09-04T22:32:27.000;23.882
1725478348;2024-09-04T22:32:28.000;23.262
1725478349;2024-09-04T22:32:29.000;23.604
1725478350;2024-09-04T22:32:30.000;20.33
1725478351;2024-09-04T22:32:31.000;23.754
1725478352;2024-09-04T22:32:32.000;17.077
1725478353;2024-09-04T22:32:33.000;22.791
1725478354;2024-09-04T22:32:34.000;37.728
1725478355;2024-09-04T22:32:35.000;42.5
1725478356;2024-09-04T22:32:36.000;42.907
1725478357;2024-09-04T22:32:37.000;41.816
1725478358;2024-09-04T22:32:38.000;0.856
1725478359;2024-09-04T22:32:39.000;0.357
1725478360;2024-09-04T22:32:40.000;0.845
1725478361;2024-09-04T22:32:41.000;0.162
1725478362;2024-09-04T22:32:42.000;8.471
1725478363;2024-09-04T22:32:43.000;0.409
1725478364;2024-09-04T22:32:44.000;18.724
1725478365;2024-09-04T22:32:45.000;6.779
1725478366;2024-09-04T22:32:46.000;2.666
1725478367;2024-09-04T22:32:47.000;2.718
1725478368;2024-09-04T22:32:48.000;0.081
1725478369;2024-09-04T22:32:49.000;0.082
1725478370;2024-09-04T22:32:50.000;0.082
1725478371;2024-09-04T22:32:51.000;0.084
1725478372;2024-09-04T22:32:52.000;0.082
1725478373;2024-09-04T22:32:53.000;0.084
1725478374;2024-09-04T22:32:54.000;0.084
1725478375;2024-09-04T22:32:55.000;2.446
1725478376;2024-09-04T22:32:56.000;17.237
1725478377;2024-09-04T22:32:57.000;32.393
1725478378;2024-09-04T22:32:58.000;34.446
1725478379;2024-09-04T22:32:59.000;37.229
1725478380;2024-09-04T22:33:00.000;37.722
1725478381;2024-09-04T22:33:01.000;37.9
1725478382;2024-09-04T22:33:02.000;15.265
1725478383;2024-09-04T22:33:03.000;24.474
1725478384;2024-09-04T22:33:04.000;7.275
1725478385;2024-09-04T22:33:05.000;3.012
1725478386;2024-09-04T22:33:06.000;12.394
1725478387;2024-09-04T22:33:07.000;24.479
1725478388;2024-09-04T22:33:08.000;24.164
1725478389;2024-09-04T22:33:09.000;24.122
1725478390;2024-09-04T22:33:10.000;24.181
1725478391;2024-09-04T22:33:11.000;24.201
1725478392;2024-09-04T22:33:12.000;24.189
1725478393;2024-09-04T22:33:13.000;24.186
1725478394;2024-09-04T22:33:14.000;24.181
1725478395;2024-09-04T22:33:15.000;24.179
1725478396;2024-09-04T22:33:16.000;24.17
1725478397;2024-09-04T22:33:17.000;24.166
1725478398;2024-09-04T22:33:18.000;24.155
1725478399;2024-09-04T22:33:19.000;24.132
1725478400;2024-09-04T22:33:20.000;24.185
1725478401;2024-09-04T22:33:21.000;24.212
1725478402;2024-09-04T22:33:22.000;24.197
1725478403;2024-09-04T22:33:23.000;24.199
1725478404;2024-09-04T22:33:24.000;24.195
1725478405;2024-09-04T22:33:25.000;24.204
1725478406;2024-09-04T22:33:26.000;24.204
1725478407;2024-09-04T22:33:27.000;24.201
1725478408;2024-09-04T22:33:28.000;24.189
1725478409;2024-09-04T22:33:29.000;24.184
1725478410;2024-09-04T22:33:30.000;24.191
1725478411;2024-09-04T22:33:31.000;24.204
1725478412;2024-09-04T22:33:32.000;24.201
1725478413;2024-09-04T22:33:33.000;24.2
1725478414;2024-09-04T22:33:34.000;24.205
1725478415;2024-09-04T22:33:35.000;24.211
1725478416;2024-09-04T22:33:36.000;24.167
1725478417;2024-09-04T22:33:37.000;24.129
1725478418;2024-09-04T22:33:38.000;24.134
1725478419;2024-09-04T22:33:39.000;24.165
1725478420;2024-09-04T22:33:40.000;24.182
1725478421;2024-09-04T22:33:41.000;24.186
1725478422;2024-09-04T22:33:42.000;24.197
1725478423;2024-09-04T22:33:43.000;23.989
1725478424;2024-09-04T22:33:44.000;23.865
1725478425;2024-09-04T22:33:45.000;23.835
1725478426;2024-09-04T22:33:46.000;23.725
1725478427;2024-09-04T22:33:47.000;23.809
1725478428;2024-09-04T22:33:48.000;23.654
1725478429;2024-09-04T22:33:49.000;23.619
1725478430;2024-09-04T22:33:50.000;23.635
1725478431;2024-09-04T22:33:51.000;23.51
1725478432;2024-09-04T22:33:52.000;23.624
1725478433;2024-09-04T22:33:53.000;22.145
1725478434;2024-09-04T22:33:54.000;3.296
1725478435;2024-09-04T22:33:55.000;23.265
1725478436;2024-09-04T22:33:56.000;22.982
1725478437;2024-09-04T22:33:57.000;23.774
1725478438;2024-09-04T22:33:58.000;23.525
1725478439;2024-09-04T22:33:59.000;23.616
1725478440;2024-09-04T22:34:00.000;23.579
1725478441;2024-09-04T22:34:01.000;23.976
1725478442;2024-09-04T22:34:02.000;23.625
1725478443;2024-09-04T22:34:03.000;23.736
1725478444;2024-09-04T22:34:04.000;23.935
1725478445;2024-09-04T22:34:05.000;23.951
1725478446;2024-09-04T22:34:06.000;23.979
1725478447;2024-09-04T22:34:07.000;23.962
1725478448;2024-09-04T22:34:08.000;23.811
1725478449;2024-09-04T22:34:09.000;23.865
1725478450;2024-09-04T22:34:10.000;23.865
1725478451;2024-09-04T22:34:11.000;24.139
1725478452;2024-09-04T22:34:12.000;23.845
1725478453;2024-09-04T22:34:13.000;23.28
1725478454;2024-09-04T22:34:14.000;22.297
1725478455;2024-09-04T22:34:15.000;23.849
1725478456;2024-09-04T22:34:16.000;2.134
1725478457;2024-09-04T22:34:17.000;4.523
1725478458;2024-09-04T22:34:18.000;29.654
1725478459;2024-09-04T22:34:19.000;30.495
1725478460;2024-09-04T22:34:20.000;5.762
1725478461;2024-09-04T22:34:21.000;3.448
1725478462;2024-09-04T22:34:22.000;0.012
1725478463;2024-09-04T22:34:23.000;0.023
1725478464;2024-09-04T22:34:24.000;0.031
1725478465;2024-09-04T22:34:25.000;0.023
1725478466;2024-09-04T22:34:26.000;0.041
1725478467;2024-09-04T22:34:27.000;0.014
1725478468;2024-09-04T22:34:28.000;0.014
1725478469;2024-09-04T22:34:29.000;0.012
1725478470;2024-09-04T22:34:30.000;0.009
1725478471;2024-09-04T22:34:31.000;0.019
1725478472;2024-09-04T22:34:32.000;0.288
1725478473;2024-09-04T22:34:33.000;0.123
1725478474;2024-09-04T22:34:34.000;0.045
1725478475;2024-09-04T22:34:35.000;0.036
1725478476;2024-09-04T22:34:36.000;0.038
1725478477;2024-09-04T22:34:37.000;0.294
1725478478;2024-09-04T22:34:38.000;0.296
1725478479;2024-09-04T22:34:39.000;0.374
1725478480;2024-09-04T22:34:40.000;0.375
1725478481;2024-09-04T22:34:41.000;0.352
1725478482;2024-09-04T22:34:42.000;0.435
1725478483;2024-09-04T22:34:43.000;0.361
1725478484;2024-09-04T22:34:44.000;1.347
1725478485;2024-09-04T22:34:45.000;1.52
1725478486;2024-09-04T22:34:46.000;8.285
1725478487;2024-09-04T22:34:47.000;6.877
1725478488;2024-09-04T22:34:48.000;7.135
1725478489;2024-09-04T22:34:49.000;8.671
1725478490;2024-09-04T22:34:50.000;8.386
1725478491;2024-09-04T22:34:51.000;7.429
1725478492;2024-09-04T22:34:52.000;6.789
1725478493;2024-09-04T22:34:53.000;6.558
1725478494;2024-09-04T22:34:54.000;4.326
1725478495;2024-09-04T22:34:55.000;7.792
1725478496;2024-09-04T22:34:56.000;7.367
1725478497;2024-09-04T22:34:57.000;5.674
1725478498;2024-09-04T22:34:58.000;2.534
1725478499;2024-09-04T22:34:59.000;7.042
1725478500;2024-09-04T22:35:00.000;5.131
1725478501;2024-09-04T22:35:01.000;5.124
1725478502;2024-09-04T22:35:02.000;7.749
1725478503;2024-09-04T22:35:03.000;9.981
1725478504;2024-09-04T22:35:04.000;10.735
1725478505;2024-09-04T22:35:05.000;10.147
1725478506;2024-09-04T22:35:06.000;11.433
1725478507;2024-09-04T22:35:07.000;11.719
1725478508;2024-09-04T22:35:08.000;10.71
1725478509;2024-09-04T22:35:09.000;8.373
1725478510;2024-09-04T22:35:10.000;15.221
1725478511;2024-09-04T22:35:11.000;10.681
1725478512;2024-09-04T22:35:12.000;10.15
1725478513;2024-09-04T22:35:13.000;8.145
1725478514;2024-09-04T22:35:14.000;7.95
1725478515;2024-09-04T22:35:15.000;7.662
1725478516;2024-09-04T22:35:16.000;9.927
1725478517;2024-09-04T22:35:17.000;10.321
1725478518;2024-09-04T22:35:18.000;10.126
1725478519;2024-09-04T22:35:19.000;10.324
1725478520;2024-09-04T22:35:20.000;10.051
1725478521;2024-09-04T22:35:21.000;18.416
1725478522;2024-09-04T22:35:22.000;12.752
1725478523;2024-09-04T22:35:23.000;12.269
1725478524;2024-09-04T22:35:24.000;11.24
1725478525;2024-09-04T22:35:25.000;11.219
1725478526;2024-09-04T22:35:26.000;10.84
1725478527;2024-09-04T22:35:27.000;11.279
1725478528;2024-09-04T22:35:28.000;10.606
1725478529;2024-09-04T22:35:29.000;10.381
1725478530;2024-09-04T22:35:30.000;10.26
1725478531;2024-09-04T22:35:31.000;10.22
1725478532;2024-09-04T22:35:32.000;10.237
1725478533;2024-09-04T22:35:33.000;10.349
1725478534;2024-09-04T22:35:34.000;11.415
1725478535;2024-09-04T22:35:35.000;11.219
1725478536;2024-09-04T22:35:36.000;11.121
1725478537;2024-09-04T22:35:37.000;10.945
1725478538;2024-09-04T22:35:38.000;11.124
1725478539;2024-09-04T22:35:39.000;11.009
1725478540;2024-09-04T22:35:40.000;10.97
1725478541;2024-09-04T22:35:41.000;10.88
1725478542;2024-09-04T22:35:42.000;10.68
1725478543;2024-09-04T22:35:43.000;11.221
1725478544;2024-09-04T22:35:44.000;11.058
1725478545;2024-09-04T22:35:45.000;11.002
1725478546;2024-09-04T22:35:46.000;11.033
1725478547;2024-09-04T22:35:47.000;11.069
1725478548;2024-09-04T22:35:48.000;10.885
1725478549;2024-09-04T22:35:49.000;10.226
1725478550;2024-09-04T22:35:50.000;9.915
1725478551;2024-09-04T22:35:51.000;9.949
1725478552;2024-09-04T22:35:52.000;9.95
1725478553;2024-09-04T22:35:53.000;10.081
1725478554;2024-09-04T22:35:54.000;10.195
1725478555;2024-09-04T22:35:55.000;9.987
1725478556;2024-09-04T22:35:56.000;10.055
1725478557;2024-09-04T22:35:57.000;10.162
1725478558;2024-09-04T22:35:58.000;10.165
1725478559;2024-09-04T22:35:59.000;10.165
1725478560;2024-09-04T22:36:00.000;11.655
1725478562;2024-09-04T22:36:02.000;11.03
1725478563;2024-09-04T22:36:03.000;10.721
1725478564;2024-09-04T22:36:04.000;10.786
1725478565;2024-09-04T22:36:05.000;10.641
1725478566;2024-09-04T22:36:06.000;10.655
1725478567;2024-09-04T22:36:07.000;10.609
1725478568;2024-09-04T22:36:08.000;10.555
1725478569;2024-09-04T22:36:09.000;10.483
1725478570;2024-09-04T22:36:10.000;10.414
1725478571;2024-09-04T22:36:11.000;10.49
1725478572;2024-09-04T22:36:12.000;10.552
1725478573;2024-09-04T22:36:13.000;10.566
1725478574;2024-09-04T22:36:14.000;10.549
1725478575;2024-09-04T22:36:15.000;10.506
1725478576;2024-09-04T22:36:16.000;10.48
1725478577;2024-09-04T22:36:17.000;10.464
1725478578;2024-09-04T22:36:18.000;10.431
1725478579;2024-09-04T22:36:19.000;10.41
1725478580;2024-09-04T22:36:20.000;12.071
1725478581;2024-09-04T22:36:21.000;9.739
1725478582;2024-09-04T22:36:22.000;9.739
1725478583;2024-09-04T22:36:23.000;9.469
1725478584;2024-09-04T22:36:24.000;19.244
1725478585;2024-09-04T22:36:25.000;12.429
1725478586;2024-09-04T22:36:26.000;11.395
1725478587;2024-09-04T22:36:27.000;10.689
1725478588;2024-09-04T22:36:28.000;10.206
1725478589;2024-09-04T22:36:29.000;10.334
1725478590;2024-09-04T22:36:30.000;10.336
1725478591;2024-09-04T22:36:31.000;10.341
1725478592;2024-09-04T22:36:32.000;10.359
1725478593;2024-09-04T22:36:33.000;10.355
1725478594;2024-09-04T22:36:34.000;10.394
1725478595;2024-09-04T22:36:35.000;10.579
1725478596;2024-09-04T22:36:36.000;10.512
1725478597;2024-09-04T22:36:37.000;10.514
1725478598;2024-09-04T22:36:38.000;10.514
1725478599;2024-09-04T22:36:39.000;10.512
1725478600;2024-09-04T22:36:40.000;10.524
1725478601;2024-09-04T22:36:41.000;10.474
1725478602;2024-09-04T22:36:42.000;10.737
1725478603;2024-09-04T22:36:43.000;10.696
1725478604;2024-09-04T22:36:44.000;10.645
1725478605;2024-09-04T22:36:45.000;10.635
1725478606;2024-09-04T22:36:46.000;10.627
1725478607;2024-09-04T22:36:47.000;10.626
1725478608;2024-09-04T22:36:48.000;10.62
1725478609;2024-09-04T22:36:49.000;10.612
1725478610;2024-09-04T22:36:50.000;10.615
1725478611;2024-09-04T22:36:51.000;10.619
1725478612;2024-09-04T22:36:52.000;10.633
1725478613;2024-09-04T22:36:53.000;10.608
1725478614;2024-09-04T22:36:54.000;10.614
1725478615;2024-09-04T22:36:55.000;10.612
1725478616;2024-09-04T22:36:56.000;10.549
1725478617;2024-09-04T22:36:57.000;10.57
1725478618;2024-09-04T22:36:58.000;29.649
1725478619;2024-09-04T22:36:59.000;32.84
1725478620;2024-09-04T22:37:00.000;10.571
1725478621;2024-09-04T22:37:01.000;10.364
1725478622;2024-09-04T22:37:02.000;10.333
1725478623;2024-09-04T22:37:03.000;10.356
1725478624;2024-09-04T22:37:04.000;10.355
1725478625;2024-09-04T22:37:05.000;10.372
1725478626;2024-09-04T22:37:06.000;10.362
1725478627;2024-09-04T22:37:07.000;10.366
1725478628;2024-09-04T22:37:08.000;10.364
1725478629;2024-09-04T22:37:09.000;10.361
1725478630;2024-09-04T22:37:10.000;10.356
1725478631;2024-09-04T22:37:11.000;10.465
1725478632;2024-09-04T22:37:12.000;10.477
1725478633;2024-09-04T22:37:13.000;10.462
1725478634;2024-09-04T22:37:14.000;10.464
1725478635;2024-09-04T22:37:15.000;9.608
1725478636;2024-09-04T22:37:16.000;12.644
1725478637;2024-09-04T22:37:17.000;13.249
1725478638;2024-09-04T22:37:18.000;14.55
1725478639;2024-09-04T22:37:19.000;14.253
1725478640;2024-09-04T22:37:20.000;14.225
1725478641;2024-09-04T22:37:21.000;13.344
1725478642;2024-09-04T22:37:22.000;12.581
1725478643;2024-09-04T22:37:23.000;11.502
1725478644;2024-09-04T22:37:24.000;12.065
1725478645;2024-09-04T22:37:25.000;13.019
1725478646;2024-09-04T22:37:26.000;14.208
1725478647;2024-09-04T22:37:27.000;13.67
1725478648;2024-09-04T22:37:28.000;13.792
1725478649;2024-09-04T22:37:29.000;14.696
1725478650;2024-09-04T22:37:30.000;14.39
1725478651;2024-09-04T22:37:31.000;13.901
1725478652;2024-09-04T22:37:32.000;14.506
1725478653;2024-09-04T22:37:33.000;14.217
1725478654;2024-09-04T22:37:34.000;13.311
1725478655;2024-09-04T22:37:35.000;14.419
1725478656;2024-09-04T22:37:36.000;10.431
1725478657;2024-09-04T22:37:37.000;10.481
1725478658;2024-09-04T22:37:38.000;12.531
1725478659;2024-09-04T22:37:39.000;12.895
1725478660;2024-09-04T22:37:40.000;12.329
1725478661;2024-09-04T22:37:41.000;12.644
1725478662;2024-09-04T22:37:42.000;12.546
1725478663;2024-09-04T22:37:43.000;12.472
1725478664;2024-09-04T22:37:44.000;12.585
1725478665;2024-09-04T22:37:45.000;12.262
1725478666;2024-09-04T22:37:46.000;12.266
1725478667;2024-09-04T22:37:47.000;12.09
1725478668;2024-09-04T22:37:48.000;11.54
1725478669;2024-09-04T22:37:49.000;12.479
1725478670;2024-09-04T22:37:50.000;12.127
1725478671;2024-09-04T22:37:51.000;11.751
1725478672;2024-09-04T22:37:52.000;12.134
1725478673;2024-09-04T22:37:53.000;10.311
1725478674;2024-09-04T22:37:54.000;10.347
1725478675;2024-09-04T22:37:55.000;10.455
1725478676;2024-09-04T22:37:56.000;10.462
1725478677;2024-09-04T22:37:57.000;10.46
1725478678;2024-09-04T22:37:58.000;10.566
1725478679;2024-09-04T22:37:59.000;10.571
1725478680;2024-09-04T22:38:00.000;10.536
1725478681;2024-09-04T22:38:01.000;10.527
1725478682;2024-09-04T22:38:02.000;10.51
1725478683;2024-09-04T22:38:03.000;10.511
1725478684;2024-09-04T22:38:04.000;10.5
1725478685;2024-09-04T22:38:05.000;10.502
1725478686;2024-09-04T22:38:06.000;10.506
1725478687;2024-09-04T22:38:07.000;10.494
1725478688;2024-09-04T22:38:08.000;19.131
1725478689;2024-09-04T22:38:09.000;33.449
1725478690;2024-09-04T22:38:10.000;33.41
1725478691;2024-09-04T22:38:11.000;33.364
1725478692;2024-09-04T22:38:12.000;33.29
1725478693;2024-09-04T22:38:13.000;33.279
1725478694;2024-09-04T22:38:14.000;33.255
1725478695;2024-09-04T22:38:15.000;33.259
1725478696;2024-09-04T22:38:16.000;33.276
1725478697;2024-09-04T22:38:17.000;33.278
1725478698;2024-09-04T22:38:18.000;33.312
1725478699;2024-09-04T22:38:19.000;33.304
1725478700;2024-09-04T22:38:20.000;33.336
1725478701;2024-09-04T22:38:21.000;33.364
1725478702;2024-09-04T22:38:22.000;33.336
1725478703;2024-09-04T22:38:23.000;33.33
1725478704;2024-09-04T22:38:24.000;33.315
1725478705;2024-09-04T22:38:25.000;33.307
1725478706;2024-09-04T22:38:26.000;33.334
1725478707;2024-09-04T22:38:27.000;33.345
1725478708;2024-09-04T22:38:28.000;33.354
1725478709;2024-09-04T22:38:29.000;33.389
1725478710;2024-09-04T22:38:30.000;33.362
1725478711;2024-09-04T22:38:31.000;33.311
1725478712;2024-09-04T22:38:32.000;33.3
1725478713;2024-09-04T22:38:33.000;33.316
1725478714;2024-09-04T22:38:34.000;33.35
1725478715;2024-09-04T22:38:35.000;33.364
1725478716;2024-09-04T22:38:36.000;33.354
1725478717;2024-09-04T22:38:37.000;33.404
1725478718;2024-09-04T22:38:38.000;33.396
1725478719;2024-09-04T22:38:39.000;33.393
1725478720;2024-09-04T22:38:40.000;33.354
1725478721;2024-09-04T22:38:41.000;33.368
1725478722;2024-09-04T22:38:42.000;33.351
1725478723;2024-09-04T22:38:43.000;33.341
1725478724;2024-09-04T22:38:44.000;33.349
1725478725;2024-09-04T22:38:45.000;9.79
1725478726;2024-09-04T22:38:46.000;28.357
1725478727;2024-09-04T22:38:47.000;27.872
1725478728;2024-09-04T22:38:48.000;28.143
1725478729;2024-09-04T22:38:49.000;28.356
1725478730;2024-09-04T22:38:50.000;28.284
1725478731;2024-09-04T22:38:51.000;28.211
1725478732;2024-09-04T22:38:52.000;28.18
1725478733;2024-09-04T22:38:53.000;28.197
1725478734;2024-09-04T22:38:54.000;28.205
1725478735;2024-09-04T22:38:55.000;28.215
1725478736;2024-09-04T22:38:56.000;28.215
1725478737;2024-09-04T22:38:57.000;28.221
1725478738;2024-09-04T22:38:58.000;28.194
1725478739;2024-09-04T22:38:59.000;28.199
1725478740;2024-09-04T22:39:00.000;28.218
1725478740;2024-09-04T22:39:00.000;28.226
1725478742;2024-09-04T22:39:02.000;28.193
1725478743;2024-09-04T22:39:03.000;28.229
1725478744;2024-09-04T22:39:04.000;28.193
1725478745;2024-09-04T22:39:05.000;29.868
1725478746;2024-09-04T22:39:06.000;29.871
1725478747;2024-09-04T22:39:07.000;29.864
1725478748;2024-09-04T22:39:08.000;29.875
1725478749;2024-09-04T22:39:09.000;29.864
1725478750;2024-09-04T22:39:10.000;29.918
1725478751;2024-09-04T22:39:11.000;29.945
1725478752;2024-09-04T22:39:12.000;29.936
1725478753;2024-09-04T22:39:13.000;28.854
1725478754;2024-09-04T22:39:14.000;28.76
1725478755;2024-09-04T22:39:15.000;28.775
1725478756;2024-09-04T22:39:16.000;28.641
1725478757;2024-09-04T22:39:17.000;28.585
1725478758;2024-09-04T22:39:18.000;28.444
1725478759;2024-09-04T22:39:19.000;28.415
1725478760;2024-09-04T22:39:20.000;28.44
1725478761;2024-09-04T22:39:21.000;28.425
1725478762;2024-09-04T22:39:22.000;28.461
1725478763;2024-09-04T22:39:23.000;28.424
1725478764;2024-09-04T22:39:24.000;28.354
1725478765;2024-09-04T22:39:25.000;28.357
1725478766;2024-09-04T22:39:26.000;28.044
1725478767;2024-09-04T22:39:27.000;28.046
1725478768;2024-09-04T22:39:28.000;28.05
1725478769;2024-09-04T22:39:29.000;28.071
1725478770;2024-09-04T22:39:30.000;28.249
1725478771;2024-09-04T22:39:31.000;28.161
1725478772;2024-09-04T22:39:32.000;28.154
1725478773;2024-09-04T22:39:33.000;28.156
1725478774;2024-09-04T22:39:34.000;28.169
1725478775;2024-09-04T22:39:35.000;28.143
1725478776;2024-09-04T22:39:36.000;28.146
1725478777;2024-09-04T22:39:37.000;28.635
1725478778;2024-09-04T22:39:38.000;24.381
1725478779;2024-09-04T22:39:39.000;28.71
1725478780;2024-09-04T22:39:40.000;25.247
1725478781;2024-09-04T22:39:41.000;24.762
1725478782;2024-09-04T22:39:42.000;21.924
1725478783;2024-09-04T22:39:43.000;20.646
1725478784;2024-09-04T22:39:44.000;23.836
1725478785;2024-09-04T22:39:45.000;20.712
1725478786;2024-09-04T22:39:46.000;17.04
1725478787;2024-09-04T22:39:47.000;17.79
1725478788;2024-09-04T22:39:48.000;28.737
1725478789;2024-09-04T22:39:49.000;23.04
1725478790;2024-09-04T22:39:50.000;4.881
1725478791;2024-09-04T22:39:51.000;27.066
1725478792;2024-09-04T22:39:52.000;18.109
1725478793;2024-09-04T22:39:53.000;16.703
1725478794;2024-09-04T22:39:54.000;10.159
1725478795;2024-09-04T22:39:55.000;14.503
1725478796;2024-09-04T22:39:56.000;17.275
1725478797;2024-09-04T22:39:57.000;7.624
1725478798;2024-09-04T22:39:58.000;2.89
1725478799;2024-09-04T22:39:59.000;3.368
1725478800;2024-09-04T22:40:00.000;4.632
1725478801;2024-09-04T22:40:01.000;4.906
1725478802;2024-09-04T22:40:02.000;0.6
1725478803;2024-09-04T22:40:03.000;7.308
1725478804;2024-09-04T22:40:04.000;6.973
1725478805;2024-09-04T22:40:05.000;6.47
1725478806;2024-09-04T22:40:06.000;6.016
1725478807;2024-09-04T22:40:07.000;8.719
1725478808;2024-09-04T22:40:08.000;27.243
1725478809;2024-09-04T22:40:09.000;27.205
1725478810;2024-09-04T22:40:10.000;14.58
1725478811;2024-09-04T22:40:11.000;13.679
1725478812;2024-09-04T22:40:12.000;26.609
1725478813;2024-09-04T22:40:13.000;19.916
1725478814;2024-09-04T22:40:14.000;23.219
1725478815;2024-09-04T22:40:15.000;4.765
1725478816;2024-09-04T22:40:16.000;22.9
1725478817;2024-09-04T22:40:17.000;28.069
1725478818;2024-09-04T22:40:18.000;28.125
1725478819;2024-09-04T22:40:19.000;4.143
1725478820;2024-09-04T22:40:20.000;27.759
1725478821;2024-09-04T22:40:21.000;27.971
1725478822;2024-09-04T22:40:22.000;27.849
1725478823;2024-09-04T22:40:23.000;27.586
1725478824;2024-09-04T22:40:24.000;26.428
1725478825;2024-09-04T22:40:25.000;25.102
1725478826;2024-09-04T22:40:26.000;25.156
1725478827;2024-09-04T22:40:27.000;24.94
1725478828;2024-09-04T22:40:28.000;24.369
1725478829;2024-09-04T22:40:29.000;24.479
1725478830;2024-09-04T22:40:30.000;24.595
1725478831;2024-09-04T22:40:31.000;25.8
1725478832;2024-09-04T22:40:32.000;16.537
1725478833;2024-09-04T22:40:33.000;18.882
1725478834;2024-09-04T22:40:34.000;11.404
1725478835;2024-09-04T22:40:35.000;12.804
1725478836;2024-09-04T22:40:36.000;17.06
1725478837;2024-09-04T22:40:37.000;19.566
1725478838;2024-09-04T22:40:38.000;16.819
1725478839;2024-09-04T22:40:39.000;18.84
1725478840;2024-09-04T22:40:40.000;21.139
1725478841;2024-09-04T22:40:41.000;21.29
1725478842;2024-09-04T22:40:42.000;18.134
1725478843;2024-09-04T22:40:43.000;21.09
1725478844;2024-09-04T22:40:44.000;21.735
1725478845;2024-09-04T22:40:45.000;21.961
1725478846;2024-09-04T22:40:46.000;23.471
1725478847;2024-09-04T22:40:47.000;24.005
1725478848;2024-09-04T22:40:48.000;23.951
1725478849;2024-09-04T22:40:49.000;27.55
1725478850;2024-09-04T22:40:50.000;27.899
1725478851;2024-09-04T22:40:51.000;27.886
1725478852;2024-09-04T22:40:52.000;27.899
1725478853;2024-09-04T22:40:53.000;27.874
1725478854;2024-09-04T22:40:54.000;27.87
1725478855;2024-09-04T22:40:55.000;27.857
1725478856;2024-09-04T22:40:56.000;27.905
1725478857;2024-09-04T22:40:57.000;27.891
1725478858;2024-09-04T22:40:58.000;27.878
1725478859;2024-09-04T22:40:59.000;27.88
1725478860;2024-09-04T22:41:00.000;27.891
1725478861;2024-09-04T22:41:01.000;27.947
1725478862;2024-09-04T22:41:02.000;27.949
1725478863;2024-09-04T22:41:03.000;27.871
1725478864;2024-09-04T22:41:04.000;27.925
1725478865;2024-09-04T22:41:05.000;12.582
1725478866;2024-09-04T22:41:06.000;5.699
1725478867;2024-09-04T22:41:07.000;5.61
1725478868;2024-09-04T22:41:08.000;6.059
1725478869;2024-09-04T22:41:09.000;6.191
1725478870;2024-09-04T22:41:10.000;6.301
1725478871;2024-09-04T22:41:11.000;6.411
1725478872;2024-09-04T22:41:12.000;6.345
1725478873;2024-09-04T22:41:13.000;26.862
1725478874;2024-09-04T22:41:14.000;27.606
1725478875;2024-09-04T22:41:15.000;26.506
1725478876;2024-09-04T22:41:16.000;27.039
1725478877;2024-09-04T22:41:17.000;26.687
1725478878;2024-09-04T22:41:18.000;26.962
1725478879;2024-09-04T22:41:19.000;24.359
1725478880;2024-09-04T22:41:20.000;27.33
1725478881;2024-09-04T22:41:21.000;27.35
1725478882;2024-09-04T22:41:22.000;27.359
1725478883;2024-09-04T22:41:23.000;27.184
1725478884;2024-09-04T22:41:24.000;27.27
1725478885;2024-09-04T22:41:25.000;27.319
1725478886;2024-09-04T22:41:26.000;27.325
1725478887;2024-09-04T22:41:27.000;27.412
1725478888;2024-09-04T22:41:28.000;27.38
1725478889;2024-09-04T22:41:29.000;27.501
1725478890;2024-09-04T22:41:30.000;27.434
1725478891;2024-09-04T22:41:31.000;27.435
1725478892;2024-09-04T22:41:32.000;27.685
1725478893;2024-09-04T22:41:33.000;26.843
1725478894;2024-09-04T22:41:34.000;26.796
1725478895;2024-09-04T22:41:35.000;25.434
1725478896;2024-09-04T22:41:36.000;25.666
1725478897;2024-09-04T22:41:37.000;26.244
1725478898;2024-09-04T22:41:38.000;25.832
1725478899;2024-09-04T22:41:39.000;23.881
1725478900;2024-09-04T22:41:40.000;10.091
1725478901;2024-09-04T22:41:41.000;11.342
1725478902;2024-09-04T22:41:42.000;13.097
1725478903;2024-09-04T22:41:43.000;9.133
1725478904;2024-09-04T22:41:44.000;27.757
1725478905;2024-09-04T22:41:45.000;13.817
1725478906;2024-09-04T22:41:46.000;6.909
1725478907;2024-09-04T22:41:47.000;7.025
1725478908;2024-09-04T22:41:48.000;6.48
1725478909;2024-09-04T22:41:49.000;6.616
1725478910;2024-09-04T22:41:50.000;6.499
1725478911;2024-09-04T22:41:51.000;6.44
1725478912;2024-09-04T22:41:52.000;6.692
1725478913;2024-09-04T22:41:53.000;6.239
1725478914;2024-09-04T22:41:54.000;6.056
1725478915;2024-09-04T22:41:55.000;6.074
1725478916;2024-09-04T22:41:56.000;6.246
1725478917;2024-09-04T22:41:57.000;6.207
1725478918;2024-09-04T22:41:58.000;6.011
1725478919;2024-09-04T22:41:59.000;6.584
1725478920;2024-09-04T22:42:00.000;27.87
1725478920;2024-09-04T22:42:00.000;27.871
1725478921;2024-09-04T22:42:01.000;27.915
1725478922;2024-09-04T22:42:02.000;27.92
1725478923;2024-09-04T22:42:03.000;25.734
1725478924;2024-09-04T22:42:04.000;24.145
1725478925;2024-09-04T22:42:05.000;24.44
1725478926;2024-09-04T22:42:06.000;24.67
1725478927;2024-09-04T22:42:07.000;24.777
1725478928;2024-09-04T22:42:08.000;24.704
1725478929;2024-09-04T22:42:09.000;24.537
1725478930;2024-09-04T22:42:10.000;24.529
1725478931;2024-09-04T22:42:11.000;24.747
1725478932;2024-09-04T22:42:12.000;24.861
1725478933;2024-09-04T22:42:13.000;24.277
1725478934;2024-09-04T22:42:14.000;24.461
1725478935;2024-09-04T22:42:15.000;24.029
1725478936;2024-09-04T22:42:16.000;24.164
1725478937;2024-09-04T22:42:17.000;24.02
1725478938;2024-09-04T22:42:18.000;24.01
1725478939;2024-09-04T22:42:19.000;23.969
1725478940;2024-09-04T22:42:20.000;24.475
1725478941;2024-09-04T22:42:21.000;24.459
1725478942;2024-09-04T22:42:22.000;24.436
1725478943;2024-09-04T22:42:23.000;24.391
1725478944;2024-09-04T22:42:24.000;24.175
1725478945;2024-09-04T22:42:25.000;24.531
1725478946;2024-09-04T22:42:26.000;27.378
1725478947;2024-09-04T22:42:27.000;8.446
1725478948;2024-09-04T22:42:28.000;3.54
1725478949;2024-09-04T22:42:29.000;2.924
1725478950;2024-09-04T22:42:30.000;6.715
1725478951;2024-09-04T22:42:31.000;5.549
1725478952;2024-09-04T22:42:32.000;9.602
1725478953;2024-09-04T22:42:33.000;10.964
1725478954;2024-09-04T22:42:34.000;8.215
1725478955;2024-09-04T22:42:35.000;28.711
1725478956;2024-09-04T22:42:36.000;9.349
1725478957;2024-09-04T22:42:37.000;9.151
1725478958;2024-09-04T22:42:38.000;9.627
1725478959;2024-09-04T22:42:39.000;19.404
1725478960;2024-09-04T22:42:40.000;10.444
1725478961;2024-09-04T22:42:41.000;9.759
1725478962;2024-09-04T22:42:42.000;10.281
1725478963;2024-09-04T22:42:43.000;9.25
1725478964;2024-09-04T22:42:44.000;14.736
1725478965;2024-09-04T22:42:45.000;26.841
1725478966;2024-09-04T22:42:46.000;19.479
1725478967;2024-09-04T22:42:47.000;14.895
1725478968;2024-09-04T22:42:48.000;9.831
1725478969;2024-09-04T22:42:49.000;10.406
1725478970;2024-09-04T22:42:50.000;9.597
1725478971;2024-09-04T22:42:51.000;11.679
1725478972;2024-09-04T22:42:52.000;16.378
1725478973;2024-09-04T22:42:53.000;11.431
1725478974;2024-09-04T22:42:54.000;26.778
1725478975;2024-09-04T22:42:55.000;8.506
1725478976;2024-09-04T22:42:56.000;8.208
1725478977;2024-09-04T22:42:57.000;8.851
1725478978;2024-09-04T22:42:58.000;9.327
1725478979;2024-09-04T22:42:59.000;9.214
1725478980;2024-09-04T22:43:00.000;9.255
1725478981;2024-09-04T22:43:01.000;20.717
1725478982;2024-09-04T22:43:02.000;28.75
1725478983;2024-09-04T22:43:03.000;19.165
1725478984;2024-09-04T22:43:04.000;28.562
1725478985;2024-09-04T22:43:05.000;28.978
1725478986;2024-09-04T22:43:06.000;8.889
1725478987;2024-09-04T22:43:07.000;9.083
1725478988;2024-09-04T22:43:08.000;8.224
1725478989;2024-09-04T22:43:09.000;8.204
1725478990;2024-09-04T22:43:10.000;8.141
1725478991;2024-09-04T22:43:11.000;8.146
1725478992;2024-09-04T22:43:12.000;8.124
1725478993;2024-09-04T22:43:13.000;8.027
1725478994;2024-09-04T22:43:14.000;8.29
1725478995;2024-09-04T22:43:15.000;4.531
1725478996;2024-09-04T22:43:16.000;4.7
1725478997;2024-09-04T22:43:17.000;3.721
1725478998;2024-09-04T22:43:18.000;3.28
1725478999;2024-09-04T22:43:19.000;2.256
1725479000;2024-09-04T22:43:20.000;0.978
1725479001;2024-09-04T22:43:21.000;4.126
1725479002;2024-09-04T22:43:22.000;2.922
1725479003;2024-09-04T22:43:23.000;2.287
1725479004;2024-09-04T22:43:24.000;2.56
1725479005;2024-09-04T22:43:25.000;2.545
1725479006;2024-09-04T22:43:26.000;2.254
1725479007;2024-09-04T22:43:27.000;2.475
1725479008;2024-09-04T22:43:28.000;2.205
1725479009;2024-09-04T22:43:29.000;2.397
1725479010;2024-09-04T22:43:30.000;2.429
1725479011;2024-09-04T22:43:31.000;1.819
1725479012;2024-09-04T22:43:32.000;2.184
1725479013;2024-09-04T22:43:33.000;2.25
1725479014;2024-09-04T22:43:34.000;2.145
1725479015;2024-09-04T22:43:35.000;2.266
1725479016;2024-09-04T22:43:36.000;3.612
1725479017;2024-09-04T22:43:37.000;28.689
1725479018;2024-09-04T22:43:38.000;28.854
1725479019;2024-09-04T22:43:39.000;28.936
1725479020;2024-09-04T22:43:40.000;8.416
1725479021;2024-09-04T22:43:41.000;11.275
1725479022;2024-09-04T22:43:42.000;28.725
1725479023;2024-09-04T22:43:43.000;8.494
1725479024;2024-09-04T22:43:44.000;7.637
1725479025;2024-09-04T22:43:45.000;2.13
1725479026;2024-09-04T22:43:46.000;0.574
1725479027;2024-09-04T22:43:47.000;0.364
1725479028;2024-09-04T22:43:48.000;0.52
1725479029;2024-09-04T22:43:49.000;0.494
1725479030;2024-09-04T22:43:50.000;0.742
1725479031;2024-09-04T22:43:51.000;0.887
1725479032;2024-09-04T22:43:52.000;0.811
1725479033;2024-09-04T22:43:53.000;1.078
1725479034;2024-09-04T22:43:54.000;1.021
1725479035;2024-09-04T22:43:55.000;0.976
1725479036;2024-09-04T22:43:56.000;1.099
1725479037;2024-09-04T22:43:57.000;0.905
1725479038;2024-09-04T22:43:58.000;0.87
1725479039;2024-09-04T22:43:59.000;0.78
1725479040;2024-09-04T22:44:00.000;0.739
1725479041;2024-09-04T22:44:01.000;0.962
1725479042;2024-09-04T22:44:02.000;1.016
1725479043;2024-09-04T22:44:03.000;0.644
1725479044;2024-09-04T22:44:04.000;0.933
1725479045;2024-09-04T22:44:05.000;1.029
1725479046;2024-09-04T22:44:06.000;9.361
1725479047;2024-09-04T22:44:07.000;9.254
1725479048;2024-09-04T22:44:08.000;15.258
1725479049;2024-09-04T22:44:09.000;14.921
1725479050;2024-09-04T22:44:10.000;15.078
1725479051;2024-09-04T22:44:11.000;3.615
1725479052;2024-09-04T22:44:12.000;2.516
1725479053;2024-09-04T22:44:13.000;2.381
1725479054;2024-09-04T22:44:14.000;2.011
1725479055;2024-09-04T22:44:15.000;2.282
1725479056;2024-09-04T22:44:16.000;1.889
1725479057;2024-09-04T22:44:17.000;2.13
1725479058;2024-09-04T22:44:18.000;2.26
1725479059;2024-09-04T22:44:19.000;9.269
1725479060;2024-09-04T22:44:20.000;21.034
1725479061;2024-09-04T22:44:21.000;9.912
1725479062;2024-09-04T22:44:22.000;28.954
1725479063;2024-09-04T22:44:23.000;8.04
1725479064;2024-09-04T22:44:24.000;1.907
1725479065;2024-09-04T22:44:25.000;2.075
1725479066;2024-09-04T22:44:26.000;2.416
1725479067;2024-09-04T22:44:27.000;1.964
1725479068;2024-09-04T22:44:28.000;2.168
1725479069;2024-09-04T22:44:29.000;2.072
1725479070;2024-09-04T22:44:30.000;3.044
1725479071;2024-09-04T22:44:31.000;2.21
1725479072;2024-09-04T22:44:32.000;2.349
1725479073;2024-09-04T22:44:33.000;1.999
1725479074;2024-09-04T22:44:34.000;2.197
1725479075;2024-09-04T22:44:35.000;2.891
1725479076;2024-09-04T22:44:36.000;2.791
1725479077;2024-09-04T22:44:37.000;1.89
1725479078;2024-09-04T22:44:38.000;2.304
1725479079;2024-09-04T22:44:39.000;2.482
1725479080;2024-09-04T22:44:40.000;2.256
1725479081;2024-09-04T22:44:41.000;2.605
1725479082;2024-09-04T22:44:42.000;2.331
1725479083;2024-09-04T22:44:43.000;8.127
1725479084;2024-09-04T22:44:44.000;8.705
1725479085;2024-09-04T22:44:45.000;11.727
1725479086;2024-09-04T22:44:46.000;10.031
1725479087;2024-09-04T22:44:47.000;12.192
1725479088;2024-09-04T22:44:48.000;6.874
1725479089;2024-09-04T22:44:49.000;6.631
1725479090;2024-09-04T22:44:50.000;6.621
1725479091;2024-09-04T22:44:51.000;6.517
1725479092;2024-09-04T22:44:52.000;6.54
1725479093;2024-09-04T22:44:53.000;8.717
1725479094;2024-09-04T22:44:54.000;10.308
1725479095;2024-09-04T22:44:55.000;9.758
1725479096;2024-09-04T22:44:56.000;9.625
1725479097;2024-09-04T22:44:57.000;9.596
1725479098;2024-09-04T22:44:58.000;8.658
1725479099;2024-09-04T22:44:59.000;8.604
1725479100;2024-09-04T22:45:00.000;8.551
1725479102;2024-09-04T22:45:02.000;8.57
1725479103;2024-09-04T22:45:03.000;8.639
1725479104;2024-09-04T22:45:04.000;8.671
1725479105;2024-09-04T22:45:05.000;8.576
1725479106;2024-09-04T22:45:06.000;8.65
1725479107;2024-09-04T22:45:07.000;8.511
1725479108;2024-09-04T22:45:08.000;8.6
1725479109;2024-09-04T22:45:09.000;8.719
1725479110;2024-09-04T22:45:10.000;8.32
1725479111;2024-09-04T22:45:11.000;8.342
1725479112;2024-09-04T22:45:12.000;8.341
1725479113;2024-09-04T22:45:13.000;8.366
1725479114;2024-09-04T22:45:14.000;8.531
1725479115;2024-09-04T22:45:15.000;8.252
1725479116;2024-09-04T22:45:16.000;8.686
1725479117;2024-09-04T22:45:17.000;8.135
1725479118;2024-09-04T22:45:18.000;9.327
1725479119;2024-09-04T22:45:19.000;9.131
1725479120;2024-09-04T22:45:20.000;10.067
1725479121;2024-09-04T22:45:21.000;9.986
1725479122;2024-09-04T22:45:22.000;9.85
1725479123;2024-09-04T22:45:23.000;9.885
1725479124;2024-09-04T22:45:24.000;9.769
1725479125;2024-09-04T22:45:25.000;9.875
1725479126;2024-09-04T22:45:26.000;9.884
1725479127;2024-09-04T22:45:27.000;9.061
1725479128;2024-09-04T22:45:28.000;9.115
1725479129;2024-09-04T22:45:29.000;9.165
1725479130;2024-09-04T22:45:30.000;9.051
1725479131;2024-09-04T22:45:31.000;8.91
1725479132;2024-09-04T22:45:32.000;8.541
1725479133;2024-09-04T22:45:33.000;8.164
1725479134;2024-09-04T22:45:34.000;8.249
1725479135;2024-09-04T22:45:35.000;8.239
1725479136;2024-09-04T22:45:36.000;8.255
1725479137;2024-09-04T22:45:37.000;8.229
1725479138;2024-09-04T22:45:38.000;8.131
1725479139;2024-09-04T22:45:39.000;8.17
1725479140;2024-09-04T22:45:40.000;8.296
1725479141;2024-09-04T22:45:41.000;7.811
1725479142;2024-09-04T22:45:42.000;8.925
1725479143;2024-09-04T22:45:43.000;9.477
1725479144;2024-09-04T22:45:44.000;26.362
1725479145;2024-09-04T22:45:45.000;9.544
1725479146;2024-09-04T22:45:46.000;26.324
1725479147;2024-09-04T22:45:47.000;28.975
1725479148;2024-09-04T22:45:48.000;8.452
1725479149;2024-09-04T22:45:49.000;8.101
1725479150;2024-09-04T22:45:50.000;8.11
1725479151;2024-09-04T22:45:51.000;7.706
1725479152;2024-09-04T22:45:52.000;7.774
1725479153;2024-09-04T22:45:53.000;7.589
1725479154;2024-09-04T22:45:54.000;7.699
1725479155;2024-09-04T22:45:55.000;7.875
1725479156;2024-09-04T22:45:56.000;7.771
1725479157;2024-09-04T22:45:57.000;7.699
1725479158;2024-09-04T22:45:58.000;9.16
1725479159;2024-09-04T22:45:59.000;8.426
1725479160;2024-09-04T22:46:00.000;9.274
1725479161;2024-09-04T22:46:01.000;10.458
1725479162;2024-09-04T22:46:02.000;9.809
1725479163;2024-09-04T22:46:03.000;9.969
1725479164;2024-09-04T22:46:04.000;9.854
1725479165;2024-09-04T22:46:05.000;9.694
1725479166;2024-09-04T22:46:06.000;8.641
1725479167;2024-09-04T22:46:07.000;8.683
1725479168;2024-09-04T22:46:08.000;8.09
1725479169;2024-09-04T22:46:09.000;8.196
1725479170;2024-09-04T22:46:10.000;8.006
1725479171;2024-09-04T22:46:11.000;8.074
1725479172;2024-09-04T22:46:12.000;8.081
1725479173;2024-09-04T22:46:13.000;8.15
1725479174;2024-09-04T22:46:14.000;8.198
1725479175;2024-09-04T22:46:15.000;8.266
1725479176;2024-09-04T22:46:16.000;8.181
1725479177;2024-09-04T22:46:17.000;8.186
1725479178;2024-09-04T22:46:18.000;8.22
1725479179;2024-09-04T22:46:19.000;8.667
1725479180;2024-09-04T22:46:20.000;9.455
1725479181;2024-09-04T22:46:21.000;9.667
1725479182;2024-09-04T22:46:22.000;6.792
1725479183;2024-09-04T22:46:23.000;27.871
1725479184;2024-09-04T22:46:24.000;28.221
1725479185;2024-09-04T22:46:25.000;7.856
1725479186;2024-09-04T22:46:26.000;7.781
1725479187;2024-09-04T22:46:27.000;7.811
1725479188;2024-09-04T22:46:28.000;7.873
1725479189;2024-09-04T22:46:29.000;7.927
1725479190;2024-09-04T22:46:30.000;7.627
1725479191;2024-09-04T22:46:31.000;7.737
1725479192;2024-09-04T22:46:32.000;7.881
1725479193;2024-09-04T22:46:33.000;7.86
1725479194;2024-09-04T22:46:34.000;7.805
1725479195;2024-09-04T22:46:35.000;7.777
1725479196;2024-09-04T22:46:36.000;7.82
1725479197;2024-09-04T22:46:37.000;7.837
1725479198;2024-09-04T22:46:38.000;7.854
1725479199;2024-09-04T22:46:39.000;9.589
1725479200;2024-09-04T22:46:40.000;8.925
1725479201;2024-09-04T22:46:41.000;8.704
1725479202;2024-09-04T22:46:42.000;10.694
1725479203;2024-09-04T22:46:43.000;10.026
1725479204;2024-09-04T22:46:44.000;9.82
1725479205;2024-09-04T22:46:45.000;9.246
1725479206;2024-09-04T22:46:46.000;8.224
1725479207;2024-09-04T22:46:47.000;7.958
1725479208;2024-09-04T22:46:48.000;8.075
1725479209;2024-09-04T22:46:49.000;7.975
1725479210;2024-09-04T22:46:50.000;8.03
1725479211;2024-09-04T22:46:51.000;7.894
1725479212;2024-09-04T22:46:52.000;7.894
1725479213;2024-09-04T22:46:53.000;7.989
1725479214;2024-09-04T22:46:54.000;7.809
1725479215;2024-09-04T22:46:55.000;9.417
1725479216;2024-09-04T22:46:56.000;10.879
1725479217;2024-09-04T22:46:57.000;8.434
1725479218;2024-09-04T22:46:58.000;10.206
1725479219;2024-09-04T22:46:59.000;27.52
1725479220;2024-09-04T22:47:00.000;29.062
1725479221;2024-09-04T22:47:01.000;8.279
1725479222;2024-09-04T22:47:02.000;8.006
1725479223;2024-09-04T22:47:03.000;7.655
1725479224;2024-09-04T22:47:04.000;8.019
1725479225;2024-09-04T22:47:05.000;8.123
1725479226;2024-09-04T22:47:06.000;8.073
1725479227;2024-09-04T22:47:07.000;8.367
1725479228;2024-09-04T22:47:08.000;7.894
1725479229;2024-09-04T22:47:09.000;8.099
1725479230;2024-09-04T22:47:10.000;8.24
1725479231;2024-09-04T22:47:11.000;8.246
1725479232;2024-09-04T22:47:12.000;8.254
1725479233;2024-09-04T22:47:13.000;8.241
1725479234;2024-09-04T22:47:14.000;7.72
1725479235;2024-09-04T22:47:15.000;7.636
1725479236;2024-09-04T22:47:16.000;7.621
1725479237;2024-09-04T22:47:17.000;7.581
1725479238;2024-09-04T22:47:18.000;7.57
1725479239;2024-09-04T22:47:19.000;7.519
1725479240;2024-09-04T22:47:20.000;7.471
1725479241;2024-09-04T22:47:21.000;7.505
1725479242;2024-09-04T22:47:22.000;7.49
1725479243;2024-09-04T22:47:23.000;7.517
1725479244;2024-09-04T22:47:24.000;7.586
1725479245;2024-09-04T22:47:25.000;7.554
1725479246;2024-09-04T22:47:26.000;7.417
1725479247;2024-09-04T22:47:27.000;7.427
1725479248;2024-09-04T22:47:28.000;7.477
1725479249;2024-09-04T22:47:29.000;7.405
1725479250;2024-09-04T22:47:30.000;7.211
1725479251;2024-09-04T22:47:31.000;7.161
1725479252;2024-09-04T22:47:32.000;7.25
1725479253;2024-09-04T22:47:33.000;7.284
1725479254;2024-09-04T22:47:34.000;7.37
1725479255;2024-09-04T22:47:35.000;7.739
1725479256;2024-09-04T22:47:36.000;7.3
1725479257;2024-09-04T22:47:37.000;7.529
1725479258;2024-09-04T22:47:38.000;7.53
1725479259;2024-09-04T22:47:39.000;7.45
1725479260;2024-09-04T22:47:40.000;7.359
1725479261;2024-09-04T22:47:41.000;7.452
1725479262;2024-09-04T22:47:42.000;7.351
1725479263;2024-09-04T22:47:43.000;7.289
1725479264;2024-09-04T22:47:44.000;7.204
1725479265;2024-09-04T22:47:45.000;7.194
1725479266;2024-09-04T22:47:46.000;7.179
1725479267;2024-09-04T22:47:47.000;7.035
1725479268;2024-09-04T22:47:48.000;7.22
1725479269;2024-09-04T22:47:49.000;7.267
1725479270;2024-09-04T22:47:50.000;7.255
1725479271;2024-09-04T22:47:51.000;7.323
1725479272;2024-09-04T22:47:52.000;6.895
1725479273;2024-09-04T22:47:53.000;7.024
1725479274;2024-09-04T22:47:54.000;6.869
1725479275;2024-09-04T22:47:55.000;6.967
1725479276;2024-09-04T22:47:56.000;9.271
1725479277;2024-09-04T22:47:57.000;9.351
1725479278;2024-09-04T22:47:58.000;10.042
1725479279;2024-09-04T22:47:59.000;10.064
1725479280;2024-09-04T22:48:00.000;10.137
1725479280;2024-09-04T22:48:00.000;10.06
1725479281;2024-09-04T22:48:01.000;10.845
1725479282;2024-09-04T22:48:02.000;10.077
1725479283;2024-09-04T22:48:03.000;10.022
1725479284;2024-09-04T22:48:04.000;9.765
1725479285;2024-09-04T22:48:05.000;9.38
1725479286;2024-09-04T22:48:06.000;8.602
1725479287;2024-09-04T22:48:07.000;8.583
1725479288;2024-09-04T22:48:08.000;8.636
1725479289;2024-09-04T22:48:09.000;8.414
1725479290;2024-09-04T22:48:10.000;8.423
1725479291;2024-09-04T22:48:11.000;8.32
1725479292;2024-09-04T22:48:12.000;8.333
1725479293;2024-09-04T22:48:13.000;9.736
1725479294;2024-09-04T22:48:14.000;27.756
1725479295;2024-09-04T22:48:15.000;8.566
1725479296;2024-09-04T22:48:16.000;8.125
1725479297;2024-09-04T22:48:17.000;17.124
1725479298;2024-09-04T22:48:18.000;9.527
1725479299;2024-09-04T22:48:19.000;29.02
1725479300;2024-09-04T22:48:20.000;9.106
1725479301;2024-09-04T22:48:21.000;0.149
1725479302;2024-09-04T22:48:22.000;2.784
1725479303;2024-09-04T22:48:23.000;2.091
1725479304;2024-09-04T22:48:24.000;1.354
1725479305;2024-09-04T22:48:25.000;1.522
1725479306;2024-09-04T22:48:26.000;1.51
1725479307;2024-09-04T22:48:27.000;1.201
1725479308;2024-09-04T22:48:28.000;1.337
1725479309;2024-09-04T22:48:29.000;1.216
1725479310;2024-09-04T22:48:30.000;1.012
1725479311;2024-09-04T22:48:31.000;1.131
1725479312;2024-09-04T22:48:32.000;1.222
1725479313;2024-09-04T22:48:33.000;1.049
1725479314;2024-09-04T22:48:34.000;1.01
1725479315;2024-09-04T22:48:35.000;0.572
1725479316;2024-09-04T22:48:36.000;0.716
1725479317;2024-09-04T22:48:37.000;0.747
1725479318;2024-09-04T22:48:38.000;0.466
1725479319;2024-09-04T22:48:39.000;0.862
1725479320;2024-09-04T22:48:40.000;0.685
1725479321;2024-09-04T22:48:41.000;0.719
1725479322;2024-09-04T22:48:42.000;0.605
1725479323;2024-09-04T22:48:43.000;0.317
1725479324;2024-09-04T22:48:44.000;0.5
1725479325;2024-09-04T22:48:45.000;0.46
1725479326;2024-09-04T22:48:46.000;0.305
1725479327;2024-09-04T22:48:47.000;0.334
1725479328;2024-09-04T22:48:48.000;0.344
1725479329;2024-09-04T22:48:49.000;0.306
1725479330;2024-09-04T22:48:50.000;0.379
1725479331;2024-09-04T22:48:51.000;0.391
1725479332;2024-09-04T22:48:52.000;0.251
1725479333;2024-09-04T22:48:53.000;0.419
1725479334;2024-09-04T22:48:54.000;0.319
1725479335;2024-09-04T22:48:55.000;0.235
1725479336;2024-09-04T22:48:56.000;0.504
1725479337;2024-09-04T22:48:57.000;0.386
1725479338;2024-09-04T22:48:58.000;0.225
1725479339;2024-09-04T22:48:59.000;0.38
1725479340;2024-09-04T22:49:00.000;0.285
1725479341;2024-09-04T22:49:01.000;0.194
1725479342;2024-09-04T22:49:02.000;0.177
1725479343;2024-09-04T22:49:03.000;0.244
1725479344;2024-09-04T22:49:04.000;0.243
1725479345;2024-09-04T22:49:05.000;0.197
1725479346;2024-09-04T22:49:06.000;0.151
1725479347;2024-09-04T22:49:07.000;0.191
1725479348;2024-09-04T22:49:08.000;0.33
1725479349;2024-09-04T22:49:09.000;0.224
1725479350;2024-09-04T22:49:10.000;0.356
1725479351;2024-09-04T22:49:11.000;0.289
1725479352;2024-09-04T22:49:12.000;0.334
1725479353;2024-09-04T22:49:13.000;0.192
1725479354;2024-09-04T22:49:14.000;0.12
1725479355;2024-09-04T22:49:15.000;0.143
1725479356;2024-09-04T22:49:16.000;0.264
1725479357;2024-09-04T22:49:17.000;0.195
1725479358;2024-09-04T22:49:18.000;0.251
1725479359;2024-09-04T22:49:19.000;0.376
1725479360;2024-09-04T22:49:20.000;0.24
1725479361;2024-09-04T22:49:21.000;0.274
1725479362;2024-09-04T22:49:22.000;0.359
1725479363;2024-09-04T22:49:23.000;0.229
1725479364;2024-09-04T22:49:24.000;0.345
1725479365;2024-09-04T22:49:25.000;0.292
1725479366;2024-09-04T22:49:26.000;0.216
1725479367;2024-09-04T22:49:27.000;0.221
1725479368;2024-09-04T22:49:28.000;0.182
1725479369;2024-09-04T22:49:29.000;0.16
1725479370;2024-09-04T22:49:30.000;0.191
1725479371;2024-09-04T22:49:31.000;0.264
1725479372;2024-09-04T22:49:32.000;0.135
1725479373;2024-09-04T22:49:33.000;0.197
1725479374;2024-09-04T22:49:34.000;0.186
1725479375;2024-09-04T22:49:35.000;0.109
1725479376;2024-09-04T22:49:36.000;0.161
1725479377;2024-09-04T22:49:37.000;0.146
1725479378;2024-09-04T22:49:38.000;0.195
1725479379;2024-09-04T22:49:39.000;0.246
1725479380;2024-09-04T22:49:40.000;0.172
1725479381;2024-09-04T22:49:41.000;0.287
1725479382;2024-09-04T22:49:42.000;0.282
1725479383;2024-09-04T22:49:43.000;0.204
1725479384;2024-09-04T22:49:44.000;0.365
1725479385;2024-09-04T22:49:45.000;0.344
1725479386;2024-09-04T22:49:46.000;0.273
1725479387;2024-09-04T22:49:47.000;0.526
1725479388;2024-09-04T22:49:48.000;0.6
1725479389;2024-09-04T22:49:49.000;0.526
1725479390;2024-09-04T22:49:50.000;0.915
1725479391;2024-09-04T22:49:51.000;1.762
1725479392;2024-09-04T22:49:52.000;1.421
1725479393;2024-09-04T22:49:53.000;1.431
1725479394;2024-09-04T22:49:54.000;1.342
1725479395;2024-09-04T22:49:55.000;1.205
1725479396;2024-09-04T22:49:56.000;1.206
1725479397;2024-09-04T22:49:57.000;1.079
1725479398;2024-09-04T22:49:58.000;3.762
1725479399;2024-09-04T22:49:59.000;29.476
1725479400;2024-09-04T22:50:00.000;29.26
1725479401;2024-09-04T22:50:01.000;29.357
1725479402;2024-09-04T22:50:02.000;29.45
1725479403;2024-09-04T22:50:03.000;29.568
1725479404;2024-09-04T22:50:04.000;29.615
1725479405;2024-09-04T22:50:05.000;29.603
1725479406;2024-09-04T22:50:06.000;29.59
1725479407;2024-09-04T22:50:07.000;29.59
1725479408;2024-09-04T22:50:08.000;29.589
1725479409;2024-09-04T22:50:09.000;29.585
1725479410;2024-09-04T22:50:10.000;29.585
1725479411;2024-09-04T22:50:11.000;29.586
1725479412;2024-09-04T22:50:12.000;29.582
1725479413;2024-09-04T22:50:13.000;29.581
1725479414;2024-09-04T22:50:14.000;29.585
1725479415;2024-09-04T22:50:15.000;29.616
1725479416;2024-09-04T22:50:16.000;29.593
1725479417;2024-09-04T22:50:17.000;29.616
1725479418;2024-09-04T22:50:18.000;29.579
1725479419;2024-09-04T22:50:19.000;29.581
1725479420;2024-09-04T22:50:20.000;29.578
1725479421;2024-09-04T22:50:21.000;29.594
1725479422;2024-09-04T22:50:22.000;29.594
1725479423;2024-09-04T22:50:23.000;29.612
1725479424;2024-09-04T22:50:24.000;29.601
1725479425;2024-09-04T22:50:25.000;29.595
1725479426;2024-09-04T22:50:26.000;29.593
1725479427;2024-09-04T22:50:27.000;29.547
1725479428;2024-09-04T22:50:28.000;29.549
1725479429;2024-09-04T22:50:29.000;29.576
1725479430;2024-09-04T22:50:30.000;29.565
1725479431;2024-09-04T22:50:31.000;29.578
1725479432;2024-09-04T22:50:32.000;29.615
1725479433;2024-09-04T22:50:33.000;29.612
1725479434;2024-09-04T22:50:34.000;29.595
1725479435;2024-09-04T22:50:35.000;29.597
1725479436;2024-09-04T22:50:36.000;29.589
1725479437;2024-09-04T22:50:37.000;29.603
1725479438;2024-09-04T22:50:38.000;29.614
1725479439;2024-09-04T22:50:39.000;29.589
1725479440;2024-09-04T22:50:40.000;29.578
1725479441;2024-09-04T22:50:41.000;29.557
1725479442;2024-09-04T22:50:42.000;29.569
1725479443;2024-09-04T22:50:43.000;29.571
1725479444;2024-09-04T22:50:44.000;29.571
1725479445;2024-09-04T22:50:45.000;29.565
1725479446;2024-09-04T22:50:46.000;29.346
1725479447;2024-09-04T22:50:47.000;11.433
1725479448;2024-09-04T22:50:48.000;28.435
1725479449;2024-09-04T22:50:49.000;29.057
1725479450;2024-09-04T22:50:50.000;29.561
1725479451;2024-09-04T22:50:51.000;18.584
1725479452;2024-09-04T22:50:52.000;19.779
1725479453;2024-09-04T22:50:53.000;16.483
1725479454;2024-09-04T22:50:54.000;16.18
1725479455;2024-09-04T22:50:55.000;22.975
1725479456;2024-09-04T22:50:56.000;25.942
1725479457;2024-09-04T22:50:57.000;11.939
1725479458;2024-09-04T22:50:58.000;12.912
1725479459;2024-09-04T22:50:59.000;28.372
1725479460;2024-09-04T22:51:00.000;1.484
1725479461;2024-09-04T22:51:01.000;3.924
1725479462;2024-09-04T22:51:02.000;21.151
1725479463;2024-09-04T22:51:03.000;27.35
1725479464;2024-09-04T22:51:04.000;23.245
1725479465;2024-09-04T22:51:05.000;34.819
1725479466;2024-09-04T22:51:06.000;34.782
1725479467;2024-09-04T22:51:07.000;34.687
1725479468;2024-09-04T22:51:08.000;34.679
1725479469;2024-09-04T22:51:09.000;34.521
1725479470;2024-09-04T22:51:10.000;34.309
1725479471;2024-09-04T22:51:11.000;34.368
1725479472;2024-09-04T22:51:12.000;34.572
1725479473;2024-09-04T22:51:13.000;34.681
1725479474;2024-09-04T22:51:14.000;34.707
1725479475;2024-09-04T22:51:15.000;34.686
1725479476;2024-09-04T22:51:16.000;34.69
1725479477;2024-09-04T22:51:17.000;34.69
1725479478;2024-09-04T22:51:18.000;34.7
1725479479;2024-09-04T22:51:19.000;34.318
1725479480;2024-09-04T22:51:20.000;34.337
1725479481;2024-09-04T22:51:21.000;34.42
1725479482;2024-09-04T22:51:22.000;34.621
1725479483;2024-09-04T22:51:23.000;34.647
1725479484;2024-09-04T22:51:24.000;34.656
1725479485;2024-09-04T22:51:25.000;34.7
1725479486;2024-09-04T22:51:26.000;34.693
1725479487;2024-09-04T22:51:27.000;34.732
1725479488;2024-09-04T22:51:28.000;34.743
1725479489;2024-09-04T22:51:29.000;34.707
1725479490;2024-09-04T22:51:30.000;34.655
1725479491;2024-09-04T22:51:31.000;34.651
1725479492;2024-09-04T22:51:32.000;34.675
1725479493;2024-09-04T22:51:33.000;34.754
1725479494;2024-09-04T22:51:34.000;34.66
1725479495;2024-09-04T22:51:35.000;34.159
1725479496;2024-09-04T22:51:36.000;34.482
1725479497;2024-09-04T22:51:37.000;34.389
1725479498;2024-09-04T22:51:38.000;34.4
1725479499;2024-09-04T22:51:39.000;34.391
1725479500;2024-09-04T22:51:40.000;34.376
1725479501;2024-09-04T22:51:41.000;34.361
1725479502;2024-09-04T22:51:42.000;34.43
1725479503;2024-09-04T22:51:43.000;34.399
1725479504;2024-09-04T22:51:44.000;34.404
1725479505;2024-09-04T22:51:45.000;34.391
1725479506;2024-09-04T22:51:46.000;34.397
1725479507;2024-09-04T22:51:47.000;34.405
1725479508;2024-09-04T22:51:48.000;34.406
1725479509;2024-09-04T22:51:49.000;34.478
1725479510;2024-09-04T22:51:50.000;34.43
1725479511;2024-09-04T22:51:51.000;34.606
1725479512;2024-09-04T22:51:52.000;34.576
1725479513;2024-09-04T22:51:53.000;34.585
1725479514;2024-09-04T22:51:54.000;34.515
1725479515;2024-09-04T22:51:55.000;34.532
1725479516;2024-09-04T22:51:56.000;34.594
1725479517;2024-09-04T22:51:57.000;34.539
1725479518;2024-09-04T22:51:58.000;34.553
1725479519;2024-09-04T22:51:59.000;34.568
1725479520;2024-09-04T22:52:00.000;34.647
1725479521;2024-09-04T22:52:01.000;33.582
1725479522;2024-09-04T22:52:02.000;34.5
1725479523;2024-09-04T22:52:03.000;34.694
1725479524;2024-09-04T22:52:04.000;34.679
1725479525;2024-09-04T22:52:05.000;34.604
1725479526;2024-09-04T22:52:06.000;34.621
1725479527;2024-09-04T22:52:07.000;34.631
1725479528;2024-09-04T22:52:08.000;34.619
1725479529;2024-09-04T22:52:09.000;34.643
1725479530;2024-09-04T22:52:10.000;34.655
1725479531;2024-09-04T22:52:11.000;34.607
1725479532;2024-09-04T22:52:12.000;34.653
1725479533;2024-09-04T22:52:13.000;34.66
1725479534;2024-09-04T22:52:14.000;34.662
1725479535;2024-09-04T22:52:15.000;34.678
1725479536;2024-09-04T22:52:16.000;34.678
1725479537;2024-09-04T22:52:17.000;34.653
1725479538;2024-09-04T22:52:18.000;34.644
1725479539;2024-09-04T22:52:19.000;34.666
1725479540;2024-09-04T22:52:20.000;34.639
1725479541;2024-09-04T22:52:21.000;34.649
1725479542;2024-09-04T22:52:22.000;34.625
1725479543;2024-09-04T22:52:23.000;34.636
1725479544;2024-09-04T22:52:24.000;34.644
1725479545;2024-09-04T22:52:25.000;34.646
1725479546;2024-09-04T22:52:26.000;34.64
1725479547;2024-09-04T22:52:27.000;34.647
1725479548;2024-09-04T22:52:28.000;34.651
1725479549;2024-09-04T22:52:29.000;34.679
1725479550;2024-09-04T22:52:30.000;34.679
1725479551;2024-09-04T22:52:31.000;34.669
1725479552;2024-09-04T22:52:32.000;34.551
1725479553;2024-09-04T22:52:33.000;34.275
1725479554;2024-09-04T22:52:34.000;34.345
1725479555;2024-09-04T22:52:35.000;34.494
1725479556;2024-09-04T22:52:36.000;34.571
1725479557;2024-09-04T22:52:37.000;34.605
1725479558;2024-09-04T22:52:38.000;34.615
1725479559;2024-09-04T22:52:39.000;34.625
1725479560;2024-09-04T22:52:40.000;34.616
1725479561;2024-09-04T22:52:41.000;14.142
1725479562;2024-09-04T22:52:42.000;24.39
1725479563;2024-09-04T22:52:43.000;35.362
1725479564;2024-09-04T22:52:44.000;34.715
1725479565;2024-09-04T22:52:45.000;34.707
1725479566;2024-09-04T22:52:46.000;34.73
1725479567;2024-09-04T22:52:47.000;34.786
1725479568;2024-09-04T22:52:48.000;34.796
1725479569;2024-09-04T22:52:49.000;34.726
1725479570;2024-09-04T22:52:50.000;34.711
1725479571;2024-09-04T22:52:51.000;34.707
1725479572;2024-09-04T22:52:52.000;34.718
1725479573;2024-09-04T22:52:53.000;34.675
1725479574;2024-09-04T22:52:54.000;34.67
1725479575;2024-09-04T22:52:55.000;34.684
1725479576;2024-09-04T22:52:56.000;34.691
1725479577;2024-09-04T22:52:57.000;34.691
1725479578;2024-09-04T22:52:58.000;34.686
1725479579;2024-09-04T22:52:59.000;34.77
1725479580;2024-09-04T22:53:00.000;34.695
1725479581;2024-09-04T22:53:01.000;34.682
1725479582;2024-09-04T22:53:02.000;34.675
1725479583;2024-09-04T22:53:03.000;34.672
1725479584;2024-09-04T22:53:04.000;34.666
1725479585;2024-09-04T22:53:05.000;34.672
1725479586;2024-09-04T22:53:06.000;34.653
1725479587;2024-09-04T22:53:07.000;34.67
1725479588;2024-09-04T22:53:08.000;34.67
1725479589;2024-09-04T22:53:09.000;34.682
1725479590;2024-09-04T22:53:10.000;34.664
1725479591;2024-09-04T22:53:11.000;34.668
1725479592;2024-09-04T22:53:12.000;34.656
1725479593;2024-09-04T22:53:13.000;34.681
1725479594;2024-09-04T22:53:14.000;34.662
1725479595;2024-09-04T22:53:15.000;34.699
1725479596;2024-09-04T22:53:16.000;34.689
1725479597;2024-09-04T22:53:17.000;34.679
1725479598;2024-09-04T22:53:18.000;34.682
1725479599;2024-09-04T22:53:19.000;34.68
1725479600;2024-09-04T22:53:20.000;34.681
1725479601;2024-09-04T22:53:21.000;34.679
1725479602;2024-09-04T22:53:22.000;34.681
1725479603;2024-09-04T22:53:23.000;34.681
1725479604;2024-09-04T22:53:24.000;34.671
1725479605;2024-09-04T22:53:25.000;34.681
1725479606;2024-09-04T22:53:26.000;34.659
1725479607;2024-09-04T22:53:27.000;34.67
1725479608;2024-09-04T22:53:28.000;34.668
1725479609;2024-09-04T22:53:29.000;34.678
1725479610;2024-09-04T22:53:30.000;34.69
1725479611;2024-09-04T22:53:31.000;34.69
1725479612;2024-09-04T22:53:32.000;34.682
1725479613;2024-09-04T22:53:33.000;34.681
1725479614;2024-09-04T22:53:34.000;34.66
1725479615;2024-09-04T22:53:35.000;34.671
1725479616;2024-09-04T22:53:36.000;34.676
1725479617;2024-09-04T22:53:37.000;34.68
1725479618;2024-09-04T22:53:38.000;34.666
1725479619;2024-09-04T22:53:39.000;34.69
1725479620;2024-09-04T22:53:40.000;34.7
1725479621;2024-09-04T22:53:41.000;34.695
1725479622;2024-09-04T22:53:42.000;34.689
1725479623;2024-09-04T22:53:43.000;34.691
1725479624;2024-09-04T22:53:44.000;34.69
1725479625;2024-09-04T22:53:45.000;34.687
1725479626;2024-09-04T22:53:46.000;34.682
1725479627;2024-09-04T22:53:47.000;34.682
1725479628;2024-09-04T22:53:48.000;34.675
1725479629;2024-09-04T22:53:49.000;34.682
1725479630;2024-09-04T22:53:50.000;34.684
1725479631;2024-09-04T22:53:51.000;34.687
1725479632;2024-09-04T22:53:52.000;34.657
1725479633;2024-09-04T22:53:53.000;34.668
1725479634;2024-09-04T22:53:54.000;34.672
1725479635;2024-09-04T22:53:55.000;34.668
1725479636;2024-09-04T22:53:56.000;34.68
1725479637;2024-09-04T22:53:57.000;34.676
1725479638;2024-09-04T22:53:58.000;34.67
1725479639;2024-09-04T22:53:59.000;34.682
1725479640;2024-09-04T22:54:00.000;34.687
1725479641;2024-09-04T22:54:01.000;34.707
1725479642;2024-09-04T22:54:02.000;34.7
1725479643;2024-09-04T22:54:03.000;34.693
1725479644;2024-09-04T22:54:04.000;34.687
1725479645;2024-09-04T22:54:05.000;34.704
1725479646;2024-09-04T22:54:06.000;34.697
1725479647;2024-09-04T22:54:07.000;34.697
1725479648;2024-09-04T22:54:08.000;34.691
1725479649;2024-09-04T22:54:09.000;34.671
1725479650;2024-09-04T22:54:10.000;34.681
1725479651;2024-09-04T22:54:11.000;34.689
1725479652;2024-09-04T22:54:12.000;34.682
1725479653;2024-09-04T22:54:13.000;34.664
1725479654;2024-09-04T22:54:14.000;34.66
1725479655;2024-09-04T22:54:15.000;34.643
1725479656;2024-09-04T22:54:16.000;34.669
1725479657;2024-09-04T22:54:17.000;34.665
1725479658;2024-09-04T22:54:18.000;34.703
1725479659;2024-09-04T22:54:19.000;34.684
1725479660;2024-09-04T22:54:20.000;34.68
1725479661;2024-09-04T22:54:21.000;34.695
1725479662;2024-09-04T22:54:22.000;34.686
1725479663;2024-09-04T22:54:23.000;34.675
1725479664;2024-09-04T22:54:24.000;34.695
1725479665;2024-09-04T22:54:25.000;34.69
1725479666;2024-09-04T22:54:26.000;34.703
1725479667;2024-09-04T22:54:27.000;34.704
1725479668;2024-09-04T22:54:28.000;34.701
1725479669;2024-09-04T22:54:29.000;34.687
1725479670;2024-09-04T22:54:30.000;34.693
1725479671;2024-09-04T22:54:31.000;34.687
1725479672;2024-09-04T22:54:32.000;34.684
1725479673;2024-09-04T22:54:33.000;34.7
1725479674;2024-09-04T22:54:34.000;34.693
1725479675;2024-09-04T22:54:35.000;34.693
1725479676;2024-09-04T22:54:36.000;34.701
1725479677;2024-09-04T22:54:37.000;34.693
1725479678;2024-09-04T22:54:38.000;34.678
1725479679;2024-09-04T22:54:39.000;34.68
1725479680;2024-09-04T22:54:40.000;34.686
1725479681;2024-09-04T22:54:41.000;34.684
1725479682;2024-09-04T22:54:42.000;34.682
1725479683;2024-09-04T22:54:43.000;34.699
1725479684;2024-09-04T22:54:44.000;34.689
1725479685;2024-09-04T22:54:45.000;34.684
1725479686;2024-09-04T22:54:46.000;34.7
1725479687;2024-09-04T22:54:47.000;34.687
1725479688;2024-09-04T22:54:48.000;34.689
1725479689;2024-09-04T22:54:49.000;34.691
1725479690;2024-09-04T22:54:50.000;34.637
1725479691;2024-09-04T22:54:51.000;34.66
1725479692;2024-09-04T22:54:52.000;34.646
1725479693;2024-09-04T22:54:53.000;34.64
1725479694;2024-09-04T22:54:54.000;34.637
1725479695;2024-09-04T22:54:55.000;34.646
1725479696;2024-09-04T22:54:56.000;34.655
1725479697;2024-09-04T22:54:57.000;34.653
1725479698;2024-09-04T22:54:58.000;34.655
1725479699;2024-09-04T22:54:59.000;34.659
1725479700;2024-09-04T22:55:00.000;34.664
1725479701;2024-09-04T22:55:01.000;34.665
1725479702;2024-09-04T22:55:02.000;34.675
1725479703;2024-09-04T22:55:03.000;34.666
1725479704;2024-09-04T22:55:04.000;34.672
1725479705;2024-09-04T22:55:05.000;34.656
1725479706;2024-09-04T22:55:06.000;34.668
1725479707;2024-09-04T22:55:07.000;34.666
1725479708;2024-09-04T22:55:08.000;34.664
1725479709;2024-09-04T22:55:09.000;34.662
1725479710;2024-09-04T22:55:10.000;34.657
1725479711;2024-09-04T22:55:11.000;34.67
1725479712;2024-09-04T22:55:12.000;34.682
1725479713;2024-09-04T22:55:13.000;34.687
1725479714;2024-09-04T22:55:14.000;34.612
1725479715;2024-09-04T22:55:15.000;34.611
1725479716;2024-09-04T22:55:16.000;34.619
1725479717;2024-09-04T22:55:17.000;34.654
1725479718;2024-09-04T22:55:18.000;34.645
1725479719;2024-09-04T22:55:19.000;34.65
1725479720;2024-09-04T22:55:20.000;34.644
1725479721;2024-09-04T22:55:21.000;34.636
1725479722;2024-09-04T22:55:22.000;34.631
1725479723;2024-09-04T22:55:23.000;34.629
1725479724;2024-09-04T22:55:24.000;34.63
1725479725;2024-09-04T22:55:25.000;34.632
1725479726;2024-09-04T22:55:26.000;34.63
1725479727;2024-09-04T22:55:27.000;34.639
1725479728;2024-09-04T22:55:28.000;34.643
1725479729;2024-09-04T22:55:29.000;34.622
1725479730;2024-09-04T22:55:30.000;34.64
1725479731;2024-09-04T22:55:31.000;34.637
1725479732;2024-09-04T22:55:32.000;34.629
1725479733;2024-09-04T22:55:33.000;34.639
1725479734;2024-09-04T22:55:34.000;34.637
1725479735;2024-09-04T22:55:35.000;34.646
1725479736;2024-09-04T22:55:36.000;34.636
1725479737;2024-09-04T22:55:37.000;34.632
1725479738;2024-09-04T22:55:38.000;34.632
1725479739;2024-09-04T22:55:39.000;34.643
1725479740;2024-09-04T22:55:40.000;34.651
1725479741;2024-09-04T22:55:41.000;34.645
1725479742;2024-09-04T22:55:42.000;34.639
1725479743;2024-09-04T22:55:43.000;34.635
1725479744;2024-09-04T22:55:44.000;34.631
1725479745;2024-09-04T22:55:45.000;34.629
1725479746;2024-09-04T22:55:46.000;34.634
1725479747;2024-09-04T22:55:47.000;34.639
1725479748;2024-09-04T22:55:48.000;34.603
1725479749;2024-09-04T22:55:49.000;34.599
1725479750;2024-09-04T22:55:50.000;34.6
1725479751;2024-09-04T22:55:51.000;34.606
1725479752;2024-09-04T22:55:52.000;34.59
1725479753;2024-09-04T22:55:53.000;34.603
1725479754;2024-09-04T22:55:54.000;34.594
1725479755;2024-09-04T22:55:55.000;34.609
1725479756;2024-09-04T22:55:56.000;34.662
1725479757;2024-09-04T22:55:57.000;34.668
1725479758;2024-09-04T22:55:58.000;34.631
1725479759;2024-09-04T22:55:59.000;34.618
1725479760;2024-09-04T22:56:00.000;34.641
1725479761;2024-09-04T22:56:01.000;34.636
1725479762;2024-09-04T22:56:02.000;34.653
1725479763;2024-09-04T22:56:03.000;34.637
1725479764;2024-09-04T22:56:04.000;34.632
1725479765;2024-09-04T22:56:05.000;34.653
1725479766;2024-09-04T22:56:06.000;34.644
1725479767;2024-09-04T22:56:07.000;34.655
1725479768;2024-09-04T22:56:08.000;34.641
1725479769;2024-09-04T22:56:09.000;34.64
1725479770;2024-09-04T22:56:10.000;34.626
1725479771;2024-09-04T22:56:11.000;34.631
1725479772;2024-09-04T22:56:12.000;34.653
1725479773;2024-09-04T22:56:13.000;34.629
1725479774;2024-09-04T22:56:14.000;34.628
1725479775;2024-09-04T22:56:15.000;34.626
1725479776;2024-09-04T22:56:16.000;34.626
1725479777;2024-09-04T22:56:17.000;34.625
1725479778;2024-09-04T22:56:18.000;34.645
1725479779;2024-09-04T22:56:19.000;34.631
1725479780;2024-09-04T22:56:20.000;34.636
1725479781;2024-09-04T22:56:21.000;34.629
1725479782;2024-09-04T22:56:22.000;34.63
1725479783;2024-09-04T22:56:23.000;34.632
1725479784;2024-09-04T22:56:24.000;34.612
1725479785;2024-09-04T22:56:25.000;34.659
1725479786;2024-09-04T22:56:26.000;34.622
1725479787;2024-09-04T22:56:27.000;34.639
1725479788;2024-09-04T22:56:28.000;34.646
1725479789;2024-09-04T22:56:29.000;34.655
1725479790;2024-09-04T22:56:30.000;34.635
1725479791;2024-09-04T22:56:31.000;34.64
1725479792;2024-09-04T22:56:32.000;34.66
1725479793;2024-09-04T22:56:33.000;34.644
1725479794;2024-09-04T22:56:34.000;34.661
1725479795;2024-09-04T22:56:35.000;34.651
1725479796;2024-09-04T22:56:36.000;34.643
1725479797;2024-09-04T22:56:37.000;34.645
1725479798;2024-09-04T22:56:38.000;34.631
1725479799;2024-09-04T22:56:39.000;34.605
1725479800;2024-09-04T22:56:40.000;34.634
1725479801;2024-09-04T22:56:41.000;34.62
1725479802;2024-09-04T22:56:42.000;34.624
1725479803;2024-09-04T22:56:43.000;34.647
1725479804;2024-09-04T22:56:44.000;34.635
1725479805;2024-09-04T22:56:45.000;34.631
1725479806;2024-09-04T22:56:46.000;34.64
1725479807;2024-09-04T22:56:47.000;34.645
1725479808;2024-09-04T22:56:48.000;34.649
1725479809;2024-09-04T22:56:49.000;34.635
1725479810;2024-09-04T22:56:50.000;34.637
1725479811;2024-09-04T22:56:51.000;34.629
1725479812;2024-09-04T22:56:52.000;34.628
1725479813;2024-09-04T22:56:53.000;34.679
1725479814;2024-09-04T22:56:54.000;34.671
1725479815;2024-09-04T22:56:55.000;34.661
1725479816;2024-09-04T22:56:56.000;34.657
1725479817;2024-09-04T22:56:57.000;34.653
1725479818;2024-09-04T22:56:58.000;34.654
1725479819;2024-09-04T22:56:59.000;34.644
1725479820;2024-09-04T22:57:00.000;34.643
1725479821;2024-09-04T22:57:01.000;34.647
1725479822;2024-09-04T22:57:02.000;34.649
1725479823;2024-09-04T22:57:03.000;34.657
1725479824;2024-09-04T22:57:04.000;34.647
1725479825;2024-09-04T22:57:05.000;34.666
1725479826;2024-09-04T22:57:06.000;34.669
1725479827;2024-09-04T22:57:07.000;34.645
1725479828;2024-09-04T22:57:08.000;34.645
1725479829;2024-09-04T22:57:09.000;34.649
1725479830;2024-09-04T22:57:10.000;34.645
1725479831;2024-09-04T22:57:11.000;34.64
1725479832;2024-09-04T22:57:12.000;34.639
1725479833;2024-09-04T22:57:13.000;34.646
1725479834;2024-09-04T22:57:14.000;34.639
1725479835;2024-09-04T22:57:15.000;34.661
1725479836;2024-09-04T22:57:16.000;34.659
1725479837;2024-09-04T22:57:17.000;34.675
1725479838;2024-09-04T22:57:18.000;34.726
1725479839;2024-09-04T22:57:19.000;34.668
1725479840;2024-09-04T22:57:20.000;34.661
1725479841;2024-09-04T22:57:21.000;34.656
1725479842;2024-09-04T22:57:22.000;34.645
1725479843;2024-09-04T22:57:23.000;34.661
1725479844;2024-09-04T22:57:24.000;34.679
1725479845;2024-09-04T22:57:25.000;34.656
1725479846;2024-09-04T22:57:26.000;34.669
1725479847;2024-09-04T22:57:27.000;34.655
1725479848;2024-09-04T22:57:28.000;34.66
1725479849;2024-09-04T22:57:29.000;34.651
1725479850;2024-09-04T22:57:30.000;34.651
1725479851;2024-09-04T22:57:31.000;34.653
1725479852;2024-09-04T22:57:32.000;34.656
1725479853;2024-09-04T22:57:33.000;34.641
1725479854;2024-09-04T22:57:34.000;34.661
1725479855;2024-09-04T22:57:35.000;34.649
1725479856;2024-09-04T22:57:36.000;34.599
1725479857;2024-09-04T22:57:37.000;34.603
1725479858;2024-09-04T22:57:38.000;34.635
1725479859;2024-09-04T22:57:39.000;34.61
1725479860;2024-09-04T22:57:40.000;34.61
1725479861;2024-09-04T22:57:41.000;34.61
1725479862;2024-09-04T22:57:42.000;34.607
1725479863;2024-09-04T22:57:43.000;34.615
1725479864;2024-09-04T22:57:44.000;34.622
1725479865;2024-09-04T22:57:45.000;34.616
1725479866;2024-09-04T22:57:46.000;34.612
1725479867;2024-09-04T22:57:47.000;34.61
1725479868;2024-09-04T22:57:48.000;34.61
1725479869;2024-09-04T22:57:49.000;34.614
1725479870;2024-09-04T22:57:50.000;34.619
1725479871;2024-09-04T22:57:51.000;34.615
1725479872;2024-09-04T22:57:52.000;34.625
1725479873;2024-09-04T22:57:53.000;34.65
1725479874;2024-09-04T22:57:54.000;34.731
1725479875;2024-09-04T22:57:55.000;34.695
1725479876;2024-09-04T22:57:56.000;34.705
1725479877;2024-09-04T22:57:57.000;34.711
1725479878;2024-09-04T22:57:58.000;34.697
1725479879;2024-09-04T22:57:59.000;34.714
1725479880;2024-09-04T22:58:00.000;34.721
1725479881;2024-09-04T22:58:01.000;34.707
1725479882;2024-09-04T22:58:02.000;34.709
1725479883;2024-09-04T22:58:03.000;34.729
1725479884;2024-09-04T22:58:04.000;34.732
1725479885;2024-09-04T22:58:05.000;34.728
1725479886;2024-09-04T22:58:06.000;34.729
1725479887;2024-09-04T22:58:07.000;34.725
1725479888;2024-09-04T22:58:08.000;34.722
1725479889;2024-09-04T22:58:09.000;34.724
1725479890;2024-09-04T22:58:10.000;34.726
1725479891;2024-09-04T22:58:11.000;34.726
1725479892;2024-09-04T22:58:12.000;34.718
1725479893;2024-09-04T22:58:13.000;34.73
1725479894;2024-09-04T22:58:14.000;34.729
1725479895;2024-09-04T22:58:15.000;34.703
1725479896;2024-09-04T22:58:16.000;34.716
1725479897;2024-09-04T22:58:17.000;34.722
1725479898;2024-09-04T22:58:18.000;34.72
1725479899;2024-09-04T22:58:19.000;34.716
1725479900;2024-09-04T22:58:20.000;34.71
1725479901;2024-09-04T22:58:21.000;34.726
1725479902;2024-09-04T22:58:22.000;34.722
1725479903;2024-09-04T22:58:23.000;34.706
1725479904;2024-09-04T22:58:24.000;34.725
1725479905;2024-09-04T22:58:25.000;34.678
1725479906;2024-09-04T22:58:26.000;34.671
1725479907;2024-09-04T22:58:27.000;34.682
1725479908;2024-09-04T22:58:28.000;34.671
1725479909;2024-09-04T22:58:29.000;34.666
1725479910;2024-09-04T22:58:30.000;34.666
1725479911;2024-09-04T22:58:31.000;34.669
1725479912;2024-09-04T22:58:32.000;34.675
1725479913;2024-09-04T22:58:33.000;34.693
1725479914;2024-09-04T22:58:34.000;34.694
1725479915;2024-09-04T22:58:35.000;34.671
1725479916;2024-09-04T22:58:36.000;34.685
1725479917;2024-09-04T22:58:37.000;34.674
1725479918;2024-09-04T22:58:38.000;34.674
1725479919;2024-09-04T22:58:39.000;34.719
1725479920;2024-09-04T22:58:40.000;34.705
1725479921;2024-09-04T22:58:41.000;34.853
1725479922;2024-09-04T22:58:42.000;34.853
1725479923;2024-09-04T22:58:43.000;34.916
1725479924;2024-09-04T22:58:44.000;34.786
1725479925;2024-09-04T22:58:45.000;34.734
1725479926;2024-09-04T22:58:46.000;34.721
1725479927;2024-09-04T22:58:47.000;34.736
1725479928;2024-09-04T22:58:48.000;34.728
1725479929;2024-09-04T22:58:49.000;34.749
1725479930;2024-09-04T22:58:50.000;34.722
1725479931;2024-09-04T22:58:51.000;34.749
1725479932;2024-09-04T22:58:52.000;34.766
1725479933;2024-09-04T22:58:53.000;34.77
1725479934;2024-09-04T22:58:54.000;34.718
1725479935;2024-09-04T22:58:55.000;34.711
1725479936;2024-09-04T22:58:56.000;34.728
1725479937;2024-09-04T22:58:57.000;34.675
1725479938;2024-09-04T22:58:58.000;34.705
1725479939;2024-09-04T22:58:59.000;34.736
1725479940;2024-09-04T22:59:00.000;34.75
1725479941;2024-09-04T22:59:01.000;34.732
1725479942;2024-09-04T22:59:02.000;34.736
1725479943;2024-09-04T22:59:03.000;34.736
1725479944;2024-09-04T22:59:04.000;34.754
1725479945;2024-09-04T22:59:05.000;34.747
1725479946;2024-09-04T22:59:06.000;34.762
1725479947;2024-09-04T22:59:07.000;34.77
1725479948;2024-09-04T22:59:08.000;34.778
1725479949;2024-09-04T22:59:09.000;34.76
1725479950;2024-09-04T22:59:10.000;34.709
1725479951;2024-09-04T22:59:11.000;34.728
1725479952;2024-09-04T22:59:12.000;34.74
1725479953;2024-09-04T22:59:13.000;34.721
1725479954;2024-09-04T22:59:14.000;34.715
1725479955;2024-09-04T22:59:15.000;34.918
1725479956;2024-09-04T22:59:16.000;34.707
1725479957;2024-09-04T22:59:17.000;34.565
1725479958;2024-09-04T22:59:18.000;30.882
1725479959;2024-09-04T22:59:19.000;30.896
1725479960;2024-09-04T22:59:20.000;31.95
1725479961;2024-09-04T22:59:21.000;31.705
1725479962;2024-09-04T22:59:22.000;32.911
1725479963;2024-09-04T22:59:23.000;32.882
1725479964;2024-09-04T22:59:24.000;33.178
1725479965;2024-09-04T22:59:25.000;33.05
1725479966;2024-09-04T22:59:26.000;33.032
1725479967;2024-09-04T22:59:27.000;33.066
1725479968;2024-09-04T22:59:28.000;33.091
1725479969;2024-09-04T22:59:29.000;33.105
1725479970;2024-09-04T22:59:30.000;33.105
1725479971;2024-09-04T22:59:31.000;32.959
1725479972;2024-09-04T22:59:32.000;31.025
1725479973;2024-09-04T22:59:33.000;31.024
1725479974;2024-09-04T22:59:34.000;31.029
1725479975;2024-09-04T22:59:35.000;31.029
1725479976;2024-09-04T22:59:36.000;31.051
1725479977;2024-09-04T22:59:37.000;31.056
1725479978;2024-09-04T22:59:38.000;30.831
1725479979;2024-09-04T22:59:39.000;30.607
1725479980;2024-09-04T22:59:40.000;30.411
1725479981;2024-09-04T22:59:41.000;30.518
1725479982;2024-09-04T22:59:42.000;30.556
1725479983;2024-09-04T22:59:43.000;30.599
1725479984;2024-09-04T22:59:44.000;30.547
1725479985;2024-09-04T22:59:45.000;30.499
1725479986;2024-09-04T22:59:46.000;30.505
1725479987;2024-09-04T22:59:47.000;30.509
1725479988;2024-09-04T22:59:48.000;30.482
1725479989;2024-09-04T22:59:49.000;30.418
1725479990;2024-09-04T22:59:50.000;30.454
1725479991;2024-09-04T22:59:51.000;30.478
1725479992;2024-09-04T22:59:52.000;30.485
1725479993;2024-09-04T22:59:53.000;30.474
1725479994;2024-09-04T22:59:54.000;30.197
1725479995;2024-09-04T22:59:55.000;30.199
1725479996;2024-09-04T22:59:56.000;30.199
1725479997;2024-09-04T22:59:57.000;30.204
1725479998;2024-09-04T22:59:58.000;30.275
1725479999;2024-09-04T22:59:59.000;30.315
1725480000;2024-09-04T23:00:00.000;30.318
1725480001;2024-09-04T23:00:01.000;30.084
1725480002;2024-09-04T23:00:02.000;29.986
1725480003;2024-09-04T23:00:03.000;30.136
1725480004;2024-09-04T23:00:04.000;30.119
1725480005;2024-09-04T23:00:05.000;30.206
1725480006;2024-09-04T23:00:06.000;30.196
1725480007;2024-09-04T23:00:07.000;30.182
1725480008;2024-09-04T23:00:08.000;30.18
1725480009;2024-09-04T23:00:09.000;30.211
1725480010;2024-09-04T23:00:10.000;30.229
